<?xml version="1.0" encoding="UTF-8"?>
<project-private xmlns="http://www.netbeans.org/ns/project-private/1">
    <editor-bookmarks xmlns="http://www.netbeans.org/ns/editor-bookmarks/2" lastBookmarkId="0"/>
    <open-files xmlns="http://www.netbeans.org/ns/projectui-open-files/2">
        <group>
            <file>file:/H:/newwwwwwwww/CoffeeShop/CoffeeShop/src/EmployeesUpdate/UpdateEmployeeInfoController.java</file>
            <file>file:/H:/newwwwwwwww/CoffeeShop/CoffeeShop/src/MenuItemsAdmin/UpdateItemsController.java</file>
            <file>file:/H:/newwwwwwwww/CoffeeShop/CoffeeShop/src/MenuItemsAdmin/OperateMenuModel.java</file>
            <file>file:/H:/newwwwwwwww/CoffeeShop/CoffeeShop/nbproject/jfx-impl.xml</file>
            <file>file:/H:/newwwwwwwww/CoffeeShop/CoffeeShop/src/MenuItemsAdmin/AddItemsController.java</file>
            <file>file:/H:/newwwwwwwww/CoffeeShop/CoffeeShop/src/MenuItemsEmployee/ViewMenuController.java</file>
            <file>file:/H:/newwwwwwwww/CoffeeShop/CoffeeShop/src/EmployeesTable/EmployeesTableModel.java</file>
            <file>file:/H:/newwwwwwwww/CoffeeShop/CoffeeShop/src/MenuItemsAdmin/OperateMenuController.java</file>
            <file>file:/H:/newwwwwwwww/CoffeeShop/CoffeeShop/src/EmployeesTable/EmployeesInfoTableController.java</file>
            <file>file:/H:/newwwwwwwww/CoffeeShop/CoffeeShop/src/MenuItemsEmployee/ViewMenuModel.java</file>
        </group>
    </open-files>
</project-private>
